gene_symbol,logFC,AveExpr,t,P.Value,adj.P.Val,B
S100A6,2.42365994090909,9.41832638345865,6.03499835707764,1.47533761073917e-08,1.18187117902e-05,9.31321663453084
UBE2S,2.03009930818182,6.24571536090226,5.07444556517885,1.27635737336304e-06,8.9844607370764e-05,5.13657844217925
MGST1,1.97854500030303,4.59538921052632,5.08127743475805,1.23849397433521e-06,8.97311488585676e-05,5.16466639169731
CTNNB1,1.93803768060606,4.86372487218045,4.62505138218176,8.74728431276137e-06,0.0002166881922282,3.34595400272581
GPNMB,1.9206503330303,4.19065430827068,5.92846592486336,2.4708815542972e-08,1.34816640049059e-05,8.82899686057576
RPS7,1.83726758636364,9.99360143609023,4.68706972611923,6.75227886464209e-06,0.0001913458584196,3.58619163087153
ALYREF,1.80555159030303,6.53598744360902,4.81128970378836,3.99389022842622e-06,0.0001529955520521,4.07412713343735
S100A4,1.7421435830303,8.53196390977444,5.57449024666025,1.32230007441796e-07,2.99939257329774e-05,7.25602710920029
NUTF2,1.62672317030303,8.36720590225564,4.36674527233752,2.50916232649444e-05,0.0003609605312115,2.37028454225984
CDKN3,1.61795957030303,4.94851107518797,5.02929473844338,1.55644638694927e-06,9.95769010194466e-05,4.95158150144486
DSG2,1.58171074030303,5.07867483458647,4.8762683131708,3.02412205740407e-06,0.0001359576028692,4.33288467303996
HAUS6,1.52328255666667,4.49960043609023,4.84449132509959,3.465781258099e-06,0.000143669798847,4.20604375505283
TMEM256,1.49228279333333,6.90635019548872,5.20769278789851,7.06271966883061e-07,7.32137174227098e-05,5.68887338087049
NUPR1,1.49188406090909,6.9239317518797,4.55726263729444,1.15782822704959e-05,0.0002521710583953,3.08597858437669
S100P,1.47927681151515,6.31834294736842,4.0315254187228,9.26752932978647e-05,0.0007044159717986,1.16676019801398
HIKESHI,1.47692078666667,4.49409090977444,4.84562403485713,3.44901476650057e-06,0.0001432689508356,4.21055527237403
LAMTOR1,1.47514758727273,7.73616520300752,4.74241426347061,5.34951171370829e-06,0.0001719447035293,3.80248193474835
RNA45SN5,1.47245397818182,6.67470856390977,6.64318625526564,7.11646167715538e-10,2.39445213897355e-06,12.1641746111625
YWHAH,1.46341419818182,6.21651339097744,4.7135517887231,6.04160234804591e-06,0.0001821872175961,3.68946267115367
CXCL13,1.45621758121212,5.04554968421053,3.47034178304497,0.0007005841956415,0.0027753912365798,-0.677558028499876
DEPDC1,1.45361924484849,4.72124368421053,4.79849792054847,4.21750520177996e-06,0.0001558196449496,4.02347039585239
LAMTOR2,1.44014444969697,7.06525859398496,5.79300929242753,4.726344326055e-08,1.70384712954283e-05,8.22039173637425
LYRM2,1.42407664454545,5.96086713533835,4.03441164270834,9.16664766034231e-05,0.0006996456822948,1.17680854121079
AIDA,1.42347571090909,5.69377060150376,4.35549039442618,2.62466241618721e-05,0.0003666073413141,2.32870770996199
BAX,1.41991122454546,5.04441503007519,4.76774870807597,4.80579524556036e-06,0.0001651053830405,3.90208390977561
S100A9,1.41735255848485,5.62922323308271,3.66995596741219,0.0003496201005627,0.0016884854140646,-0.0470150071472544
RPL11,1.41677824787879,10.2244449849624,4.47327011490393,1.63263450951863e-05,0.0002949337481143,2.76770606596893
MND1,1.41360596878788,4.9313212481203,5.10427619042393,1.11889158303432e-06,8.6606191934247e-05,5.25940517561614
DNPH1,1.41129998727273,5.89876291729323,4.50557881072901,1.43118497625682e-05,0.000276831941522,2.88962534212532
C22orf39,1.39994656909091,4.9240675037594,4.39341617845202,2.25465108330493e-05,0.0003432646762425,2.46912661267836
CTSZ,1.3971021060606,7.40156789473684,4.44697397169857,1.81651251672843e-05,0.0003147790101949,2.66894795361076
C1orf112,1.39400580181818,4.44917151879699,6.03375817128033,1.48426243087892e-08,1.18187117902e-05,9.30755205871007
PRKDC,1.38411671606061,7.03398634586466,4.14932423567249,5.90294808808977e-05,0.0005483055465072,1.58136647955182
NDUFB10,1.38076995030303,7.94262513533835,5.13498551693021,9.76576677158606e-07,8.14674791672642e-05,5.38634567831189
UAP1L1,1.38071601272727,4.72625393233083,5.539085909021,1.5588701757557e-07,3.3126811692796e-05,7.10187986914165
ASPM,1.37274809727273,6.77441230075188,5.55740284132955,1.43173002228645e-07,3.14171366194769e-05,7.18155552955095
METTL26,1.36325911424242,5.37561457142857,4.83889365838168,3.54980558367868e-06,0.000144768580295,4.18375924268546
PFN1,1.36222054181818,8.05254221052632,4.9012305130133,2.71596023910485e-06,0.000129436457523,4.43292204296398
FLOT1,1.32487173121212,4.16338796240601,4.83447253291728,3.61756204829079e-06,0.0001463553960538,4.16617113837319
C1QBP,1.31590417242424,7.93620160902256,4.07266801480197,7.92472627655824e-05,0.0006403222546322,1.31052225077864
RNF19B,1.3108912030303,4.21391081954887,5.18237274586295,7.90892624418469e-07,7.50853139491431e-05,5.58320460473757
SELENOM,1.30784087575758,5.72059557142857,5.69761386674964,7.42599912364852e-08,2.02617572050135e-05,7.79669071957125
HACD3,1.30447655575758,6.31908413533835,5.17908848229672,8.02567624712703e-07,7.50853139491431e-05,5.56952284958333
LSM4,1.29979197939394,6.16764273684211,4.12436514912384,6.49974822954612e-05,0.0005807012321447,1.49275559776508
PBK,1.29942492090909,6.69095587218045,4.06077605436093,8.29243234927435e-05,0.0006588257546916,1.26885312053527
RPL29,1.29676192727273,10.7680487593985,4.24964897609059,3.99224481025616e-05,0.0004490710504604,1.94163406793182
CHCHD2,1.28276315848485,9.59674327067669,5.03630873733895,1.50931638588621e-06,9.8608670544566e-05,4.9802477247174
LAMP1,1.28039234787879,4.59853877443609,4.75992924414857,4.96763199860028e-06,0.0001686227508773,3.87130227161873
GGA1,1.27856796121212,4.79059282706767,4.29164004652425,3.38309336585645e-05,0.0004129255675327,2.09434843182646
HBS1L,1.27401211393939,6.17597354887218,4.6677543492447,7.32095197651937e-06,0.0002002647405175,3.51112736638265
MCM10,1.27359384909091,5.11940254887218,5.13762846747656,9.65187140471167e-07,8.11883249659664e-05,5.39729400340566
USF1,1.26811060030303,5.68788541353383,6.71147537543971,5.019637202608501e-10,2.02672871692521e-06,12.4927838112899
LSM7,1.26754984060606,8.52873406766917,3.75272061139239,0.0002599869748977,0.0013711120818274,0.222806243808031
HNRNPL,1.26578904151515,7.83009106766917,4.75786027749056,5.01132800376322e-06,0.0001688959761936,3.86316359955056
GEMIN2,1.26505384636364,4.70610933082707,4.58462010946474,1.034288827646e-05,0.0002383837928623,3.19056567472121
HAUS1,1.26494978272727,6.57804721052632,4.85453618234664,3.31981207379256e-06,0.0001388449849916,4.24607716307579
RACGAP1,1.2641960239394,7.59657406766917,5.09937437534127,1.14340121590033e-06,8.7105599043758e-05,5.23918941886961
UBE2T,1.2624237939394,6.58133057142857,5.23575161890628,6.22791709251989e-07,6.94636410297191e-05,5.80636156292519
SNRNP40,1.25665824909091,6.20044608270677,4.45826690243728,1.73522433072244e-05,0.0003046148590315,2.71130772056804
PRCC,1.25380194484848,5.5777172556391,5.16535991498853,8.53213958217928e-07,7.68959079843908e-05,5.51239290582701
CRIP1,1.25058990636364,8.17612047368421,3.54216887438599,0.0005472967003333,0.0023306904239419,-0.454000956246965
RHNO1,1.25042539242424,4.34300077443609,4.96967648829117,2.01918723860701e-06,0.0001098562166896,4.70900421151778
RPS14,1.24980693424243,11.385274962406,4.68510689720601,6.80805784452587e-06,0.0001922252751962,3.57855360086804
TNPO3,1.24025893424242,6.95824190977444,4.88447995046541,2.91918197434621e-06,0.000134548962781,4.36575468598723
NOCT,1.23967354272727,3.89464490225564,5.42903756853825,2.59013700165112e-07,4.52162188845907e-05,6.62659639498904
DEPDC1B,1.23787944575758,5.58945815037594,4.37115785600083,2.46522693092846e-05,0.000358146861935,2.38660681428484
BNIP3,1.23133496878788,6.53426611278196,4.38930661246835,2.29218000512018e-05,0.0003455636109182,2.45386765139923
MRPL54,1.23051028454546,6.9780657518797,4.29665133353461,3.31666204819197e-05,0.0004095215500238,2.112648730356
MRPL34,1.22969654090909,6.36578522556391,4.86651224978172,3.15356042275023e-06,0.0001369119952999,4.2938818237992
SUMF2,1.22890320606061,6.88842923308271,4.5108874329055,1.40046589106738e-05,0.00027521931233,2.90971876312009
TIMM17A,1.2278451569697,6.20874484962406,5.22669567953977,6.4862470638508e-07,7.04001912500107e-05,5.76839785620257
TMEM160,1.22636638030303,5.74115004511278,4.84298747749649,3.48816352609001e-06,0.0001440062275351,4.20005513978062
ZMYM5,1.22607110606061,5.72017663157895,3.40253166429966,0.0008815716947717,0.0032927232884462,-0.885126359020365
PARP1,1.22445450878788,7.50693039097744,5.62316143243091,1.05352394927855e-07,2.62596023912995e-05,7.46890654228413
SEC61G,1.21358139545455,8.52622133082707,4.69998596944435,6.39610260767165e-06,0.0001865961263636,3.63650937791552
NUF2,1.2108070660606,7.00455635338346,5.15410296141131,8.97052444585305e-07,7.7872611427009e-05,5.46562221933441
BMP2,1.20828481363636,4.30444254135338,3.97917106573935,0.0001129227039032,0.0007921068611528,0.985459138349706
GSTP1,1.20629475121212,9.09648058646617,4.7192939450007,5.8973449077442e-06,0.0001790846928535,3.71190913240953
TFAM,1.19840721606061,6.50602054887218,3.82962005090679,0.0001966181223711,0.0011390483862841,0.477822237265299
HSP90AB1,1.19551898181818,7.75005572932331,3.14689103761966,0.0020355245139442,0.0062680245404983,-1.63657184518902
MAPKAPK5-AS1,1.19244970151516,5.57161042857143,5.01930856943975,1.62602404108353e-06,0.0001000797967725,4.91081410169364
SCAF11,1.18880955666667,4.07493489473684,4.08037484210557,7.69480698613935e-05,0.0006285882889652,1.33757690249724
LMNB1,1.18682777878788,7.32712416541353,3.70968423354421,0.0003034569294713,0.001530017105936,0.0818980854130311
DLX2,1.18534255393939,3.04295739097744,4.3842796323483,2.33890463877056e-05,0.0003490622726546,2.43521662709964
RPL15,1.18330656272727,6.32790909022556,4.38344380056433,2.34676183507662e-05,0.0003490622726546,2.43211706654831
SCOC,1.17858445454545,4.06021972932331,4.02161741383896,9.62197076394381e-05,0.0007178431108,1.13230803235807
LGALS1,1.1781558769697,9.33103921052632,4.0668129991484,8.1037748189241e-05,0.0006493189135346,1.28999468391098
SELENOT,1.17492503515152,6.16358423308271,4.01067865770325,0.0001002831032628,0.0007360233340783,1.09434811225383
C4orf3,1.17320283272727,7.92042287969925,4.67857582212186,6.99688262774095e-06,0.0001956936760959,3.55315525426952
GDE1,1.17206351121212,5.10497736090226,4.00430246549207,0.0001027266826621,0.0007447250709431,1.07225834577596
TSPO,1.17029623787879,8.27612680451128,5.69055311946401,7.67727776592531e-08,2.03932741498027e-05,7.7654950342747
CHMP4B,1.16848878,5.9175950075188,4.92055981592842,2.49849129514319e-06,0.0001249877150255,4.51062467780735
MFSD6,1.16014184060606,4.18138796240602,4.54430603173833,1.22119500529981e-05,0.0002568071329895,3.03660296098642
CDC6,1.15905162242424,4.82112885714286,4.73947499145469,5.41632158205141e-06,0.0001719447035293,3.79095025916605
RAB12,1.15823425454545,6.08807463157895,3.83143959536368,0.0001953133503717,0.0011353256312421,0.483906139966751
IMP3,1.15507781575757,6.19522001503759,4.89043112396641,2.84534626378742e-06,0.0001329672462345,4.3896000376293
POLR3K,1.15505402515151,5.73559784210526,4.94768212651496,2.22161685826722e-06,0.0001163417778896,4.62000514334744
DDIT4,1.15245044272727,9.40253118045113,4.89359087298188,2.80688326800405e-06,0.0001320870848822,4.40226868894531
NCAPG,1.15218935272727,7.0403264887218,4.51284889178328,1.3892773220551e-05,0.0002744802938115,2.91714733031265
LSM3,1.14931440212121,7.79850004511278,4.35905102323292,2.58758048448383e-05,0.0003649082293312,2.34185249269621
SNRPF,1.14662411757576,8.57342536090226,4.75814354505131,5.00532355468257e-06,0.0001688959761936,3.86427774016997
ATAD2,1.1464342669697,5.72229604511278,4.49580346245055,1.48945963659652e-05,0.0002849450483109,2.85267004797476
MSL2,1.14483179121212,6.63690633834586,4.33040373282633,2.90079188952881e-05,0.0003847646955703,2.23632124301298
PLEKHO1,1.14464346212121,6.26777503007519,5.17743906007483,8.08494187920628e-07,7.50853139491431e-05,5.562653732509
NUDT15,1.14366807424243,7.77878261654135,4.51367795176036,1.38457415676266e-05,0.0002740370889874,2.92028790492125
GATC,1.14295351454546,4.84249990977444,4.80906923678957,4.03186452049873e-06,0.0001541577290527,4.06532716012327
ATP6V0B,1.14125903060606,8.25766756390977,4.88303970475948,2.937328435583e-06,0.0001347699692217,4.3599868494903
NOP10,1.13650599969697,8.85102118045113,4.62198720500862,8.85936684245823e-06,0.0002167160868771,3.33414342562131
CDK2,1.13419254969697,6.66447461654135,4.99206735410074,1.83155037177992e-06,0.0001053428458845,4.79988118824739
SDC1,1.13224471363636,7.73345254887218,4.73929456077091,5.42044899327259e-06,0.0001719447035293,3.79024253672074
PSMB4,1.12863165424242,9.24142219548872,4.73949607995418,5.41583937432025e-06,0.0001719447035293,3.79103297806019
SNRPD2,1.12850763939394,9.86673795488722,4.82508012132204,3.76569307038648e-06,0.0001484801009862,4.12884311087227
DDX49,1.12759190212121,5.2679607518797,4.38948525184971,2.29053623099619e-05,0.0003455636109182,2.4545307266499
ZNF426,1.12678986181818,4.7376107593985,3.91168356713108,0.0001452976083976,0.0009282494045354,0.754485092425682
TLE3,1.12613830939394,4.45958140601504,6.03880438954436,1.44827585225014e-08,1.18187117902e-05,9.33060478576147
NEDD8,1.1256307930303,7.65093936090226,4.52986756364674,1.29575174152521e-05,0.000266110235584,2.98169970974192
DNAJB1,1.12534495212121,6.61620818796993,5.55756515674139,1.43065000222597e-07,3.14171366194769e-05,7.18226229085729
RPL22L1,1.12266941181818,10.0587808421053,5.92945623886994,2.45912023271369e-08,1.34816640049059e-05,8.83347581775928
TGIF1,1.11891762181818,5.54066373684211,3.70054950819046,0.0003135298665892,0.0015624638229335,0.0521578768422755
POLR2E,1.11868151666667,5.9669197443609,4.34544918408234,2.73200912452335e-05,0.0003726968291877,2.29168145972181
DAZAP1,1.11832782121212,7.22545713533835,5.07700551826587,1.26203958934675e-06,8.9844607370764e-05,5.14710027410283
EIF4EBP1,1.11768347666667,6.82893615037594,4.52873397423611,1.30178772421603e-05,0.0002668070109286,2.97739450398924
AP2A2,1.11482164090909,7.34627933082707,4.8546035056129,3.31885415724838e-06,0.0001388449849916,4.24634566992099
SET,1.10945112363636,10.0194135864662,4.87665390670521,3.01911353775399e-06,0.0001359576028692,4.3344273012416
RPL36,1.10546065181819,10.4824657593985,4.86845764300493,3.12732829473744e-06,0.0001366547697276,4.30165485167169
CENPQ,1.1045910969697,4.24891107518797,4.6239303514678,8.78812988753466e-06,0.0002166881922282,3.34163245011435
MRPL13,1.10435304090909,6.91817545864662,3.97374684366381,0.0001152466200626,0.0008003435726954,0.966780755732291
CCND1,1.10358172818182,7.31158312030075,3.85947407723491,0.0001762213628939,0.0010575844903936,0.5779330188292
SDHC,1.10022504575758,7.35257269924812,4.9755560167398,1.9681829574258e-06,0.0001085810094996,4.73284057906474
RHOA,1.09980324272727,6.07655654135338,3.84512831219412,0.0001857578319559,0.0010968921353703,0.529749819478883
PTP4A1,1.09829524090909,5.91226719548872,3.5718302926645,0.0004937227905462,0.0021616299491538,-0.360583448724324
AURKA,1.0965056230303,6.92232498496241,5.18058045965569,7.97243239648274e-07,7.50853139491431e-05,5.57573750589238
POLE4,1.09555992060606,5.02893979699248,4.35198659909778,2.66165102509774e-05,0.0003687709728058,2.3157805131798
CCDC174,1.09497146090909,4.08203827819549,4.76383562094592,4.88613420199083e-06,0.0001674724571643,3.88667547706984
RPL35A,1.0944106439394,10.9387352481203,4.36509463484149,2.5257902430632e-05,0.0003611954133174,2.36418192286818
MYO3B,1.09273366212121,3.41573095488722,5.83532918200218,3.86280041931817e-08,1.55964429730391e-05,8.40966686447787
RSL1D1,1.09240095090909,7.4824379924812,4.26620220907202,3.7404953456099e-05,0.000435343847552,2.00170082600934
CCL5,1.09233485939394,5.59156753383459,3.95528397157147,0.0001235033368155,0.0008361117919625,0.903352734889804
TKT,1.09153253181818,7.46202403007519,3.85544373092117,0.0001788524730013,0.0010691956544125,0.564381918019793
ARF6,1.09132206,5.66851409774436,5.38430482595792,3.17851268333128e-07,4.78864283963372e-05,6.43509755925293
RPA3,1.09123602939394,7.29535472180451,4.71273448969438,6.06241055782941e-06,0.0001821872175961,3.68626935799582
MRPS28,1.0911320969697,6.76523962406015,3.71208603722343,0.0003008597702566,0.0015229942433205,0.0897275246861602
GNA11,1.0890016830303,6.57600404511278,4.68865571797184,6.7075318475611e-06,0.0001913458584196,3.59236491035442
TPD52,1.08825408484848,5.31735533082707,3.90851968666192,0.0001470141007179,0.0009359573211273,0.743732887521782
RPL35,1.0871984369697,10.7949762631579,4.20840046356478,4.6922829177878e-05,0.0004859516032326,1.79272136122306
ZNF655,1.08298050424243,3.93637036842105,4.234602688886,4.23511914251615e-05,0.000463658271416,1.88718803535982
NTS,1.08156572242424,4.25505393233083,2.99463683037317,0.0032757904816239,0.0091260093077831,-2.06021582574289
DNAAF2,1.08102275636364,6.69046057142857,3.58137252826164,0.0004775665420838,0.0021152160614376,-0.33039487447702
KCNN4,1.07293517606061,6.12166242857143,3.91812607378261,0.0001418611834725,0.0009120680165423,0.776400600055586
SNX2,1.07128471757576,6.21825752631579,4.11047501752936,6.85645599500961e-05,0.0005953468113,1.44361938429914
DEAF1,1.07032427848485,4.9550657518797,4.57117034134837,1.09334378015265e-05,0.0002441639848863,3.13909126909111
SAMD8,1.07007352878788,5.31031131578947,4.7951587335414,4.27784621002548e-06,0.0001564513755217,4.01026227838597
COMMD6,1.06846645333334,8.67128409774436,4.12363383112002,6.51807744796369e-05,0.0005815160160964,1.49016540247737
PSMC4,1.06813978151515,7.51324153383459,5.40463859854807,2.89644979341554e-07,4.73330289514736e-05,6.52202262452571
HOXC6,1.0660878530303,6.3576964887218,2.3192142477292,0.0219022007867972,0.043070487968426,-3.71350185878631
HSPB11,1.06408571575758,5.89040612781955,4.40784389099028,2.12752217014168e-05,0.000339036160839,2.52278050890119
UBE2M,1.06390085,6.44179754887218,4.30958175510334,3.15098933580606e-05,0.0004006398185831,2.15994193153299
HJURP,1.06308078181818,5.97092032330827,5.12002833500526,1.04354062162486e-06,8.49475728603333e-05,5.32445586235728
C1orf53,1.06099281939394,4.09304397744361,5.05256597453607,1.40534955727208e-06,9.42564679807603e-05,5.04679351552162
SSB,1.06025583939394,7.94094509774436,4.46040373443692,1.72024259382832e-05,0.000303303558814,2.71933180647617
PRRC2C,1.05929170969697,7.65226803759399,4.80099835714472,4.17286171992285e-06,0.0001558196449496,4.03336502208335
GPR37L1,1.05805828727273,4.08553218045113,4.93009504144508,2.39753497506023e-06,0.0001219179750038,4.54903236254472
PACSIN3,1.05767684909091,5.53599615789474,5.85803902245079,3.46528563188339e-08,1.49119719371731e-05,8.51156352214542
NAF1,1.0576355269697,5.80728301503759,5.25991210817465,5.58680001870259e-07,6.51944039176692e-05,5.90785266147593
CENPL,1.05597876606061,4.32690360902256,5.16318299980566,8.61525629865358e-07,7.69412120601508e-05,5.5033430009308
GALNT6,1.05597073090909,5.83052913533835,3.74235571328384,0.0002698812338959,0.0014050805761236,0.188750506591669
OPLAH,1.05436480424243,5.88914193233083,5.38563010226169,3.15933937611994e-07,4.78864283963372e-05,6.44075673456996
UPF1,1.05294298878788,5.48193142105263,4.14841983246859,5.92362562623187e-05,0.0005495687230807,1.5781485010065
AP1S1,1.05235868090909,4.78425396240601,4.16722123490509,5.50770570520808e-05,0.0005274006915994,1.64515612512201
MIR1244-3,1.05196033393939,10.4394047744361,4.39158665727272,2.2712848253159e-05,0.0003439812307087,2.46233223635781
H2AFX,1.05122370909091,8.02678414285714,4.37670993295176,2.41099640303851e-05,0.0003540617592144,2.40716142354343
EXOSC6,1.05121761181818,3.881724,4.57928235498607,1.05734748651756e-05,0.0002416740022759,3.1701242485254
GANAB,1.05010921606061,7.87963480451128,4.24439630647471,4.07547312212654e-05,0.0004538437804008,1.92261039914667
SPC25,1.04683099090909,4.76822212030075,4.53448717979771,1.27143187829511e-05,0.0002634947797582,2.999252384486
MED18,1.04477200969697,3.77759810526316,4.34895518894308,2.69405678365204e-05,0.0003701272655925,2.30460239989479
RAD23A,1.04420204181818,6.36232286466165,4.79663620877619,4.25104492162595e-06,0.0001558497983895,4.01610562834954
MTSS1L,1.03999998090909,4.66501521804511,4.38312237723398,2.34979011560173e-05,0.0003490622726546,2.43092523105832
LOC101927760,1.03986171636364,3.45192972180451,4.22421083921856,4.41107164800294e-05,0.0004724175831824,1.84966941005262
UQCR10,1.03968484454546,9.14469352631579,4.48590777438241,1.55077889832239e-05,0.0002901494383626,2.81531922586951
NAXE,1.03955347757576,8.06741460150376,5.28917690270782,4.89601755480971e-07,6.10128409854928e-05,6.03118687180694
RNF149,1.03886744848485,8.3322925037594,4.84062090404537,3.5236701165422e-06,0.0001447068518072,4.19063357573058
PSMD3,1.03837368606061,7.0243625112782,4.9748888733726,1.97390680039477e-06,0.0001085810094996,4.73013493759719
NDUFV2,1.03780416909091,8.23052102255639,4.55332443970306,1.17674516581798e-05,0.0002529939447021,3.07096000697188
BUB1,1.03780325,6.16441880451128,4.11825108834859,6.65451668228115e-05,0.0005879272769448,1.47111152412403
SMIM4,1.03581412606061,5.4350919924812,4.74367990376843,5.32098998683264e-06,0.0001719447035293,3.8074489754595
PEA15,1.03485955272727,5.83491138345865,4.38907759085403,2.29428903867912e-05,0.0003455636109182,2.45301759604922
SFXN3,1.03457866545455,5.80464584962406,4.57028933869428,1.09732362961954e-05,0.0002447337697042,3.13572332138971
MRPL55,1.03409782333333,6.77710917293233,6.57836179014227,9.89691318089351e-10,2.85426976136969e-06,11.8537343156501
EIF1AX,1.03341258666667,8.26039372180451,4.48845670580726,1.53475555363771e-05,0.0002896187033119,2.82493432875479
MT1X,1.03295261515151,8.40283641353384,3.27750838333294,0.0013351835008498,0.0045052121870559,-1.25882515008223
ZNF785,1.03159344909091,4.44458173684211,4.03938287153794,8.99534357034473e-05,0.0006907493191255,1.1941288455526
PPP3R1,1.03154461818182,6.77193136090226,4.37885956973854,2.39030934205895e-05,0.0003517169460458,2.41512487514658
OIP5,1.02822235666667,5.54611815037594,3.90441296308059,0.0001492709205207,0.000945120503461,0.729786711625103
ZFP69B,1.02359890181818,3.64183494736842,5.08017347316143,1.24453743215766e-06,8.97311488585676e-05,5.16012596429116
PLEKHF2,1.02214912606061,6.29582242857143,3.43608841281183,0.0007871319929821,0.0030227545509461,-0.782833957914242
HOXA5,1.01972375060606,6.71487547368421,2.73713910995769,0.007042639145092,0.0168795914829773,-2.73479900043188
S100A13,1.01827544181818,8.19558254887218,5.33091121123459,4.05297232773695e-07,5.45476035682358e-05,6.20782776345057
CDC20,1.01807640060606,7.88085508270677,4.45236882160887,1.77723218031358e-05,0.0003106386429105,2.68917422943581
ERF,1.01769610757576,5.47996771428571,4.14365376270138,6.0337440494424e-05,0.0005551924561082,1.5611990755215
DNAJA2,1.01548218787879,7.39224234586466,3.99193953219884,0.0001076274318274,0.0007674965007886,1.02950590034396
ZFYVE21,1.01461684212121,4.00290140601504,4.30238367963702,3.24220841247286e-05,0.0004055371959789,2.1336017727242
MIS18BP1,1.01358671636364,5.76068636090226,3.44530066008048,0.0007629176630172,0.0029556288199947,-0.754605819777957
S100A2,1.01318723636364,7.10535772180451,2.66887646876808,0.0085548019829101,0.0197851234312051,-2.90461168841687
HILPDA,1.01111382757576,7.68147879699248,3.48970002049554,0.0006557114463722,0.002650150686559,-0.617679016846807
NDUFB4,1.01090317242424,9.78457666917293,4.15583995520948,5.75600765375436e-05,0.0005389716257606,1.6045660193025
LLGL2,1.00969952909091,5.77835033082707,5.22925331937725,6.41224810951229e-07,7.02736357469671e-05,5.77911552404687
NDUFB11,1.00880165878788,8.78179739097744,5.16406413838264,8.58151903335147e-07,7.69412120601508e-05,5.50700578346587
EME1,1.00786430545455,6.90898083458647,5.33791494266322,3.92612142536069e-07,5.45476035682358e-05,6.23755753386612
RBBP5,1.00549738909091,5.83899883458647,4.44237983420513,1.85062096221859e-05,0.0003171505601465,2.65173784156937
MED30,1.00499415787879,5.34811008270677,4.27507414298992,3.61191313083693e-05,0.0004282057594547,2.03396657928821
MRPL21,1.00480649909091,6.13980930075188,4.29251104821394,3.37145603724796e-05,0.0004124796521371,2.09752802321822
UBE2I,1.00480235030303,5.09014854135338,3.62824230350488,0.0004051960760429,0.0018748792993709,-0.181159574892128
POMZP3,1.00472879363637,5.05255918045113,4.6011811953585,9.65795518858069e-06,0.0002283921556033,3.25409645544355
C6orf136,1.00126063666667,5.08161412030075,4.79781941138458,4.2296991000784e-06,0.0001558196449496,4.0207860437948
FKBP10,1.00041335030303,6.14351754135338,4.15232893116976,5.8347462993735e-05,0.0005438601604774,1.59206139815924
TAF1L,-1.00198474151515,4.12625183458647,-4.26816940802539,3.71161075825339e-05,0.0004333718796276,2.00885086357138
CAVIN3,-1.00271215939394,6.16605197744361,-3.67587022817703,0.0003423503028898,0.0016635300527832,-0.0278950849146566
XAGE2,-1.00365616878788,4.77512981954887,-4.20452420849302,4.76380768491268e-05,0.0004881814697615,1.77878396859027
FAM110D,-1.00368187121212,4.78401190225564,-4.54539518181532,1.21574200324028e-05,0.0002561941499103,3.04074964231812
SNTN,-1.00401128030303,3.85617266917293,-2.49960866573736,0.0136453990523457,0.0291938656283123,-3.30904018371709
CFTR,-1.00443609272727,5.73036783458647,-2.41554825326439,0.0170653451842163,0.0351165129964203,-3.50095336450372
RTN1,-1.00450091848485,5.081486,-3.26480251611094,0.0013918447267692,0.0046413216623749,-1.2961431775523
SNAPC2,-1.0047440039394,5.99538122556391,-4.24328453141007,4.0933013994067e-05,0.0004547912418889,1.91858613846661
FNDC8,-1.00680618363636,4.55508176691729,-4.25824270426971,3.85958374644249e-05,0.000442209288724,1.97279624985961
TTC25,-1.00691574636364,5.37953787218045,-3.36567462237403,0.0009974897148262,0.0036127237823668,-0.996513008603353
LOXL1-AS1,-1.00721670969697,5.78824682706767,-3.85905090971508,0.0001764958780629,0.001057927193092,0.576509689993308
LDAH,-1.00770417757576,5.41863155639098,-3.50189172159586,0.0006288531260233,0.0025756313467559,-0.57982631162661
CACNB3,-1.00790739242424,7.24185586466165,-4.9021953931016,2.70468204125555e-06,0.000129388912438,4.43679585753679
LINC01838,-1.01017136606061,4.94131273684211,-4.1703964506761,5.44028464577109e-05,0.0005249737996632,1.65649525892396
TMEM72,-1.01185626333333,4.76704984962406,-4.15280760160239,5.82395117058852e-05,0.0005435687759215,1.59376572354683
C20orf85,-1.01208575515151,5.18226021804511,-2.45752933748819,0.0152723265459205,0.0319864849371349,-3.40585584233211
TBC1D4,-1.01344758030303,7.51792363157895,-3.54196479013253,0.000547683604886,0.0023316399442089,-0.454641496656251
LINC00621,-1.01553193757576,10.1786520902256,-3.30055890827258,0.0012378469948386,0.0042615373689977,-1.19081156423457
HOXB2,-1.01684569575757,8.26128706015038,-3.86094811645896,0.0001752682983205,0.001054538396415,0.582891931238017
GAD1,-1.02121347909091,8.19631077443609,-2.48082692606875,0.0143514058482359,0.0304398173213055,-3.35243755950709
MICU3,-1.02156727484849,4.53541621052632,-3.28251664622631,0.0013134465704317,0.0044489696919254,-1.24408185358783
BRSK1,-1.02519180848485,5.14445006015038,-4.29895287772267,3.28657358639048e-05,0.0004075512749511,2.1210588955448
DGLUCY,-1.02567787818182,6.83747955639098,-4.73624764432225,5.4906097817692e-06,0.000172503684022,3.77829414273294
AKAP14,-1.0257747130303,4.16724287969925,-2.76824686424911,0.0064376750232072,0.015728401714693,-2.65614824554802
MYOZ1,-1.02729844212121,5.20574863157895,-4.70194686513288,6.34364395084102e-06,0.0001853891633686,3.64415696306985
SCUBE1,-1.0299090830303,4.70946942857143,-4.30859364488296,3.16336373499897e-05,0.0004006398185831,2.15632416080785
GIMAP7,-1.03123350333333,5.56629420300752,-3.13429139917791,0.0021186402118926,0.0064677315284573,-1.6723161006211
TDRG1,-1.0326092569697,4.7374372406015,-4.27976754123931,3.54561841134485e-05,0.0004255585284674,2.05105601360433
ZNF548,-1.03329161636363,7.44563835338346,-4.16560919302946,5.54224067497343e-05,0.0005277783247172,1.63940181560866
TMEM212,-1.04103047727273,4.74032995488722,-4.73741874323401,5.46353970848613e-06,0.0001720716686972,3.78288593613824
RAB36,-1.04167009515151,7.05486108270677,-4.31938573737107,3.03070483838636e-05,0.0003937185925183,2.19587079448962
KCCAT333,-1.04192429212121,5.0379595112782,-2.71589123032801,0.0074850522748084,0.0177398726606988,-2.7880660223914
MTM1,-1.04280949757576,5.12322353383459,-4.4414020813007,1.85795933976373e-05,0.0003177079169348,2.64807675924031
SPATA18,-1.0439475660606,7.43199137593985,-3.03249866183089,0.0029148967574293,0.008325684173597,-1.95656286960272
PCDHB16,-1.04561203,5.13058145864662,-4.01504640605984,9.8641358523253e-05,0.0007293733834716,1.10949554911888
RGN,-1.04975256333333,4.51115530827068,-4.48302324369154,1.56910644451842e-05,0.0002909331900456,2.80444296571963
LOC100129098,-1.05035790484848,7.09156330075188,-5.46583904109583,2.1870784205305e-07,4.04093367188392e-05,6.78488124599906
ZBTB46,-1.05144524363636,5.76336496992481,-4.12858008591564,6.39506583745835e-05,0.0005762049751877,1.50769098477983
CD109,-1.05161516575758,5.80476351879699,-3.19118957151915,0.0017667234960645,0.0055895022627411,-1.50992662775314
WT1,-1.05266944212121,5.42205957142857,-2.89899680727565,0.0043783113507819,0.0114985494405602,-2.31698626287353
IGFALS,-1.05417814,5.16269614285714,-4.34090537861108,2.78196099571512e-05,0.0003771808501107,2.27494734703642
FBXL7,-1.05550248909091,5.36714198496241,-3.94702919545834,0.0001273746455057,0.0008548547975076,0.875068700696016
ERG,-1.05663702424243,4.6965155037594,-4.46438050729425,1.69269184905373e-05,0.000300382825636,2.73427258665868
SAXO2,-1.06056561939394,4.08954781954887,-3.83859956452722,0.000190258478354,0.0011133154089888,0.507868781215825
CFB,-1.06114319181818,7.65147784210526,-2.83313492366977,0.0053252591113735,0.0134736597243274,-2.48955630378305
ALKAL2,-1.06519181393939,6.06936070676692,-2.83752203000451,0.0052567897501821,0.0133371963650466,-2.4781698869829
BCO2,-1.06950771242424,4.72710489473684,-5.17290399043205,8.25009768231151e-07,7.50853139491431e-05,5.54377451641941
ARHGEF37,-1.06958346666667,7.03504942857143,-6.46212626457588,1.7810252403875501e-09,3.99503750588266e-06,11.3008400447532
RSPH1,-1.06989927424243,7.48855312030075,-3.48051316542079,0.000676658820515,0.0027066352820602,-0.646130206856498
C11orf16,-1.07341553757576,6.56912259398496,-4.51654129324907,1.36844855460067e-05,0.0002724481205155,2.93113778644948
NAPSB,-1.07768225454546,5.94397195488722,-2.45918129214221,0.0152053346491172,0.0318693205872486,-3.40208323401668
PIFO,-1.07812092272727,7.39981696240601,-3.24656607564265,0.0014770970757017,0.0048542464210102,-1.34949031250697
CASC1,-1.08505059363636,5.33035615037594,-3.69724943315486,0.0003172461042732,0.0015763141405534,0.0414282646994204
DNAH5,-1.08895187636363,6.34545417293233,-3.68361716025728,0.0003330439545348,0.0016283582838821,-0.0028127335276195
ERMN,-1.08977961515152,4.92133765413534,-3.53743198333388,0.0005563436377017,0.0023603573075365,-0.468860380873681
TTC28,-1.09122386393939,7.64151167669173,-5.86731862570803,3.31465931584087e-08,1.49119719371731e-05,8.55326544495746
TPPP3,-1.09757619090909,6.85604716541353,-3.20588089180055,0.0016851287697486,0.0053887818158857,-1.46759200229921
PAMR1,-1.10186566454545,6.72281496992481,-3.98778735786307,0.0001093228483282,0.0007748127511682,1.01517028477275
EFNB2,-1.10702960484849,8.47129260150376,-4.2659919859024,3.74359480557925e-05,0.000435343847552,2.00093688917691
FITM1,-1.10757342060606,4.98151490977444,-4.44615344956633,1.82255960191913e-05,0.0003152856319069,2.66587323830015
PABPC4L,-1.11654428333333,6.41783664661654,-3.48300089476227,0.0006709251585166,0.0026911347608748,-0.638431967968113
TMEM190,-1.12112128333333,5.649386,-3.45940157468822,0.0007272041962476,0.0028540436458343,-0.711276332244631
FAM216B,-1.12217941,4.10946491729323,-3.67428786645396,0.0003442812010504,0.0016691519901073,-0.0330130656999232
SYBU,-1.12363210787879,6.36909638345865,-3.12906279545659,0.0021540468287745,0.0065559923683551,-1.68711315635051
LRRC71,-1.12430818121212,5.60357437593985,-4.59162817230949,1.00475086734663e-05,0.0002342252945726,3.21742961920265
PCAT19,-1.12663270181818,5.44614007518797,-4.101717189238,7.09091004221585e-05,0.0006070877520451,1.4127039618621
HOXD8,-1.12753663484849,5.91772442105263,-4.09297261919599,7.3326492941674e-05,0.0006150042540533,1.38188584035936
TDRP,-1.1366001469697,5.85418587969925,-4.12280031434707,6.53902842211114e-05,0.0005825679866971,1.48721366632725
ANAPC4,-1.13771520030303,10.4806689323308,-4.58735581360924,1.02265979350175e-05,0.0002370316407716,3.20104892574301
EGLN3,-1.13787600848485,6.70627202255639,-4.58509565426878,1.03225823559128e-05,0.0002383837928623,3.19238764617517
LAIR2,-1.14258320606061,4.6083425112782,-4.17302123987189,5.38514874748413e-05,0.0005216669045787,1.66587370151565
C1orf158,-1.14276720757576,4.53623670676692,-4.88090237807169,2.96445966538222e-06,0.0001350937059249,4.35142951813338
AMPD3,-1.14787697272727,7.12708612030075,-5.02413291578317,1.59204152308003e-06,9.99001472422569e-05,4.93050218051032
KIAA1755,-1.15042234757576,4.88930545112782,-4.57431029200344,1.07927236952862e-05,0.0002433506442311,3.15109864597409
ST6GALNAC1,-1.15117506878788,7.77919328571429,-3.13788595484263,0.0020946127851557,0.006410861568636,-1.66213114270729
VIM,-1.1571083469697,6.55823757894737,-4.40448727949765,2.15646789998434e-05,0.000339036160839,2.51028635226144
FMO2,-1.16487419818182,4.41444144360902,-3.97464204255332,0.000114859969983,0.0007990443183831,0.969862015946144
MS4A8,-1.16601317969697,6.01391566917293,-3.38500858623429,0.0009350121127296,0.0034388822247741,-0.938209782835598
BTBD11,-1.16650148212121,5.61182557142857,-4.23975742517823,4.1503582455492e-05,0.0004578548210991,1.90582442676973
TOGARAM2,-1.16751859969697,5.68465956390977,-3.84088202681413,0.0001886733889185,0.0011078936519744,0.515515079373057
COL4A5,-1.16774592363636,9.01484409022556,-3.54862389876117,0.0005351912475292,0.0022963742625124,-0.433725525090689
LAMC2,-1.16824651727273,7.59277311278195,-3.53427611343912,0.0005624489816755,0.0023789482593895,-0.478751136358922
BTNL8,-1.16896883969697,4.40750396992481,-4.39482498846416,2.24192234484633e-05,0.0003428782446799,2.47435999667089
IPCEF1,-1.17629032848485,5.78540096992481,-5.11298453591768,1.07660379820362e-06,8.54914077176661e-05,5.29535118183143
CCDC113,-1.18162738515151,6.97151812781955,-3.97493492146237,0.0001147337399219,0.0007989387151224,0.970870218005924
FAM13C,-1.18239830484848,6.02001679699248,-4.58984227712604,1.01219985352966e-05,0.0002349819651609,3.21058097158295
GREB1,-1.19076325030303,7.11781368421053,-3.90552932734416,0.0001486541876665,0.0009431271969237,0.733576672859517
WDR78,-1.19236616363636,6.08896354887218,-4.0813383786874,7.66651421776207e-05,0.0006285012277986,1.34096214568429
TMEM178A,-1.19301745272727,6.65890133082707,-3.41540666450468,0.0008441461699454,0.0031818733624959,-0.845977846380246
IL1R1,-1.19628777909091,9.38342958646617,-4.82140033522982,3.82531704765238e-06,0.0001496102170495,4.11423230072502
SPAAR,-1.19636323333333,5.15465789473684,-4.38916325809008,2.29349992049338e-05,0.0003455636109182,2.45333556173643
KIT,-1.20062813848485,6.10748907518797,-3.85852261542659,0.0001768391613004,0.0010596061077229,0.574732939436173
ARMC3,-1.2024634769697,6.54231018045113,-3.29572490784707,0.0012576934664106,0.0043166126657426,-1.20510825742841
WDR49,-1.20443151515151,3.41441909022556,-3.65855345523579,0.0003640500748035,0.0017358155196349,-0.0838072338474705
MFAP3L,-1.2052296169697,4.28953098496241,-4.38395248803479,2.34197692360396e-05,0.0003490622726546,2.43400340804863
MKL1,-1.2084516069697,4.62394053383459,-4.40545418342041,2.14809116287859e-05,0.000339036160839,2.51388469480044
SMCHD1,-1.21107082939394,7.22107263157895,-4.02734112517387,9.41566689858007e-05,0.0007095456869638,1.15220253742274
CCDC114,-1.21317695454545,6.47281266917293,-3.46922142010604,0.0007032676084551,0.0027843825219636,-0.681015100715292
MYOG,-1.21377101484849,4.71425230075188,-4.47181207149618,1.64234210549386e-05,0.0002953531772281,2.76221909477192
KRTAP4-2,-1.21876242424242,4.55856230075188,-4.37616764030641,2.41624230888699e-05,0.0003540617592144,2.40515292609715
ASRGL1,-1.21970281090909,10.3239246917293,-3.91527095720654,0.0001433744387071,0.0009188708471809,0.766684837763916
IGF1,-1.23805543606061,6.84069714285714,-3.9840451732022,0.0001108726616738,0.0007823749243657,1.00226013742086
ADCY1,-1.24543854424242,5.15650153383459,-3.81304761349268,0.0002088893124103,0.0011835693064663,0.422515735314337
LEF1-AS1,-1.25489310424242,4.39504122556391,-4.60922020337813,9.34148095670326e-06,0.0002242399733102,3.28499435679755
CFAP300,-1.26353922030303,5.84114545864662,-3.61269788346153,0.0004279643490655,0.0019494931390113,-0.230829013267987
CDHR3,-1.26775787121212,4.46284828571429,-4.92567200499756,2.44386248422924e-06,0.0001235843349179,4.53121018056913
ZNF295-AS1,-1.26901852848485,4.76051042105263,-4.03983665510549,8.97985981538503e-05,0.0006905103520054,1.1957106990968
ZBBX,-1.27240237242424,5.12440627067669,-2.9907143884826,0.0033154422657747,0.0092195010547603,-2.0708894749769
TEKT1,-1.27607788545455,5.0236405112782,-4.19897595319917,4.86800554483002e-05,0.0004933498792119,1.7588516814963
P2RY14,-1.28376254636364,4.86365836090226,-4.18900672187594,5.06074439075643e-05,0.0005037786378727,1.72308701248734
BBOF1,-1.2907205369697,7.08970387218045,-5.06936632751212,1.3052346997208e-06,9.0772892557807e-05,5.11571235495657
NDN,-1.29120515484849,6.06160045864662,-4.17938307725576,5.25372556676237e-05,0.0005148651055427,1.68862332313784
GABRP,-1.30243112454545,7.23543506766917,-2.63921431288559,0.0092989734457732,0.0211977953842898,-2.97720442488214
TMED6,-1.30424704151515,5.26774472180451,-3.79040319981644,0.0002268366648462,0.0012542806326806,0.347254392089047
CP,-1.30528066787879,8.6616872481203,-3.11376179010891,0.0022608371273024,0.0068132228580357,-1.73029343154168
KCNS1,-1.32248068333333,5.71931904511278,-4.11731041923287,6.67863915696844e-05,0.0005884810030137,1.46778369158033
RAI2,-1.32445039909091,6.80633445864662,-4.531705925301,1.28602044079527e-05,0.0002649202108038,2.98868319241017
HEY2,-1.32905240151515,5.98841936842105,-4.8665883456995,3.15253032912882e-06,0.0001369119952999,4.29418583315623
HSPB8,-1.33114915121212,6.32181090225564,-4.40173383363876,2.18049489799853e-05,0.000339036160839,2.5000425621006
GPM6B,-1.33672821878787,7.80046993233083,-5.02422159211538,1.59142339721823e-06,9.99001472422569e-05,4.9308641856076
HS3ST3A1,-1.3417777039394,6.03976602255639,-3.78673579966815,0.0002298776509662,0.0012678804167595,0.335099011722733
SAMD15,-1.34254175151515,5.10762873684211,-4.65886006261688,7.59813133746797e-06,0.0002042228163003,3.47663579111351
EPM2AIP1,-1.34604576909091,7.85880857894737,-3.61880657675666,0.0004188763651573,0.0019201353450945,-0.211330482191869
TMEM132C,-1.34635936575757,4.72348469924812,-4.64907254617848,7.91487212492567e-06,0.0002080539563255,3.43873424037867
MLH1,-1.35308472121212,7.25630581203008,-4.18346223159588,5.17108124699923e-05,0.0005099843097919,1.70322402944548
STX19,-1.35452122909091,6.25467510526316,-5.26558789313739,5.4457901049073e-07,6.42921699636659e-05,5.93173852565625
FAM110C,-1.35513431939394,8.50846904511278,-4.27543004857806,3.60684450968669e-05,0.0004282042249911,2.03526199755756
CLDN10,-1.36646020030303,6.63432465413534,-3.36236947122216,0.0010085538216663,0.0036433201794809,-1.00645198658468
UPK1B,-1.37862038363636,5.66684631578947,-3.14845606232045,0.0020254144802378,0.0062426057293193,-1.63212340446366
ZDHHC22,-1.38057312575757,4.96990433082707,-4.5649567651997,1.12171324115398e-05,0.000247229114772,3.11534761204291
DYNLRB2,-1.38502558606061,5.46939801503759,-4.09198339816849,7.36048687023431e-05,0.0006162930306128,1.37840275089433
C14orf132,-1.39179285878788,6.84668491729323,-4.07419328370353,7.87870759298743e-05,0.0006385200677929,1.31587354834252
ZNF175,-1.39907097484848,5.80120257894737,-5.40381988191002,2.90731899642497e-07,4.73330289514736e-05,6.51851871789349
HOTTIP,-1.40419484393939,5.36002420300752,-4.51377519072408,1.38402353813669e-05,0.0002740370889874,2.92065628469722
ACADL,-1.41530143181818,4.76844623308271,-4.87290082463306,3.06820667948794e-06,0.0001361339702098,4.31941605356585
EGFR,-1.42918889484849,6.45441763157895,-4.11897309873434,6.63605806210264e-05,0.0005875400422987,1.47366619617039
VWA3A,-1.44959149363636,6.31240505263158,-4.61457511043599,9.13625717492884e-06,0.0002208895327514,3.30559730449685
IRS1,-1.47632452212121,7.87185322556391,-4.73536655775718,5.5110617310541e-06,0.0001725362274858,3.77483999089933
ENKUR,-1.47710206818182,4.9289092406015,-4.75380962352014,5.09795687448748e-06,0.0001703859350787,3.84723674045278
FGF9,-1.51145386242424,8.01583123308271,-3.48029588791208,0.0006771617779601,0.0027073533588492,-0.646802352591582
C9orf24,-1.53626581666667,7.12479141353383,-3.64883508832238,0.0003767914720517,0.0017781477386192,-0.115091980365853
ZFP3,-1.54074992363636,5.29481422556391,-4.73088977258242,5.61612224054116e-06,0.0001746968810355,3.75729646545046
FAM189A2,-1.58233715666667,6.51539651879699,-5.36143785721929,3.52779564592841e-07,5.16080713768136e-05,6.33758939461336
MTCL1,-1.62676083757576,6.45136769172932,-4.12476613462388,6.4897191726636e-05,0.0005807012321447,1.49417596460864
EDN3,-1.64683374121212,5.21689573684211,-3.77805198609526,0.0002372332173682,0.0012929978920707,0.306354505408962
FAM81B,-1.68079111121212,5.54885759398496,-3.53427845201927,0.0005624444341872,0.0023789482593895,-0.478743809744178
ESR1,-1.68636776969697,10.4368957218045,-4.55558843401367,1.1658340363434e-05,0.0002524908210256,3.07959275668951
ZNF667-AS1,-1.68763539878788,6.31025091729323,-4.50728483423674,1.42124265480514e-05,0.0002764166350212,2.89608086190113
RHOU,-1.70255283212121,8.51869469924812,-5.69758425252369,7.42703602719932e-08,2.02617572050135e-05,7.7965598306142
RNF183,-1.71513657757576,9.02249961654135,-5.18194257233485,7.9241235149031e-07,7.50853139491431e-05,5.58141224413844
VMP1,-1.71735694575758,7.1272222481203,-4.09389363624414,7.30682157893424e-05,0.0006146526343455,1.38512936215975
MEIS2,-1.73285545424243,8.16508541353383,-5.09736768349592,1.15358490372238e-06,8.7551022693035e-05,5.23091724721955
GRIA2,-1.78346987393939,7.40768739849624,-3.15368313914147,0.0019919843685622,0.0061596956511475,-1.61725218488319
CDC20B,-1.79426793484848,4.66754515037594,-4.04452285957976,8.8214416253217e-05,0.0006822442941842,1.21205447434131
ASB12,-1.80900449818182,5.72647693984962,-4.46053906050411,1.71929800537371e-05,0.000303303558814,2.71984006824807
LINC00520,-1.83146580090909,6.40865086466165,-4.46245415705109,1.70598391875454e-05,0.0003021088013317,2.72703405336285
AGBL2,-1.83329873606061,5.3223984962406,-4.95668872476661,2.13644616144827e-06,0.0001130208887288,4.65641760979221
TCTE3,-1.94682717151515,5.58258167669173,-4.54257631199088,1.22990365922307e-05,0.0002575957604297,3.03001893538473
CAPSL,-1.95457477090909,6.506574,-4.47240945621848,1.63835803314186e-05,0.0002953140354738,2.76446704078414
PKHD1L1,-2.02028303848485,5.82454495488722,-4.13407051850303,6.26112338966807e-05,0.000567832699868,1.52716350938356
CTNNA2,-2.03376325,6.48544130075188,-6.5157008147712,1.35933701308765e-09,3.43028695252668e-06,11.5550702150786
PTPRM,-2.17544623,8.48477385714286,-5.71598561019641,6.80932269783894e-08,2.02251705107566e-05,7.87796764533554
ERICH3,-2.2686175030303,5.39812614285714,-5.02752989476414,1.5685285577662e-06,9.95769010194466e-05,4.94437278617557
LINC01541,-2.67831129393939,7.3754594962406,-3.91558285017488,0.0001432083857935,0.0009180980922196,0.767745916936881
